mean_residual,median_residual,std_residual,mean_absolute_error,median_absolute_error,max_absolute_error,mean_absolute_percentage_error
20512.46005046162,5962.2159348422865,288884.49321038864,89142.04555271188,43803.33864188794,7690713.561370971,14.623162156656472
